/*
SQLyog Ultimate v11.24 (64 bit)
MySQL - 5.5.62 : Database - lolbbs
*********************************************************************
*/

/*!40101 SET NAMES utf8 */;

/*!40101 SET SQL_MODE=''*/;

/*!40014 SET @OLD_UNIQUE_CHECKS=@@UNIQUE_CHECKS, UNIQUE_CHECKS=0 */;
/*!40014 SET @OLD_FOREIGN_KEY_CHECKS=@@FOREIGN_KEY_CHECKS, FOREIGN_KEY_CHECKS=0 */;
/*!40101 SET @OLD_SQL_MODE=@@SQL_MODE, SQL_MODE='NO_AUTO_VALUE_ON_ZERO' */;
/*!40111 SET @OLD_SQL_NOTES=@@SQL_NOTES, SQL_NOTES=0 */;
CREATE DATABASE /*!32312 IF NOT EXISTS*/`lolbbs` /*!40100 DEFAULT CHARACTER SET utf8 COLLATE utf8_unicode_ci */;

USE `lolbbs`;

/*Table structure for table `lol_content` */

DROP TABLE IF EXISTS `lol_content`;

CREATE TABLE `lol_content` (
  `id` int(10) unsigned NOT NULL AUTO_INCREMENT,
  `module_id` int(10) unsigned DEFAULT NULL COMMENT '所属子版块',
  `title` varchar(255) DEFAULT NULL COMMENT '标题',
  `content` text COMMENT '内容',
  `time` datetime DEFAULT NULL COMMENT '生成时间',
  `member_id` int(10) unsigned DEFAULT NULL COMMENT '发帖人id',
  `times` int(10) unsigned DEFAULT '0' COMMENT '浏览次数',
  PRIMARY KEY (`id`)
) ENGINE=MyISAM AUTO_INCREMENT=321 DEFAULT CHARSET=utf8;

/*Data for the table `lol_content` */

insert  into `lol_content`(`id`,`module_id`,`title`,`content`,`time`,`member_id`,`times`) values (1,7,'钻三求妹子','如题题题题题','2019-12-19 20:59:08',6,4),(3,7,'测试2','测试测试测试','2019-12-19 22:03:31',6,0),(4,7,'测试123','测试测试测试','2019-12-19 22:03:36',6,0),(21,13,'刷刷刷','刷刷刷刷刷刷刷刷刷刷刷刷刷刷刷','2019-12-22 13:03:42',9,0),(6,7,'测试测试测试','测试测试测试','2019-12-19 22:03:46',6,0),(7,7,'测试测试测试123','测试测试测试','2019-12-19 22:03:50',6,0),(8,8,'testtest','testtesttesttest','2019-12-19 22:04:51',6,7),(9,8,'testtesttest','testtesttesttest','2019-12-19 22:04:56',6,0),(10,8,'test1231231','testtesttesttest','2019-12-19 22:05:03',6,1),(11,8,'test1231231','testtesttest','2019-12-19 22:05:12',6,1),(12,8,'今天是2019年12月20日 我还在做php','今天是2019年12月20日 我还在做php今天是2019年12月20日 我还在做php今天是2019年12月20日 我还在做php今天是2019年12月20日 我还在做php今天是2019年12月20日 我还在做php今天是2019年12月20日 我还在做php今天是2019年12月20日 我还在做php今天是2019年12月20日 我还在做php今天是2019年12月20日 我还在做php今天是2019年12月20日 我还在做php今天是2019年12月20日 我还在做php今天是2019年12月20日 我还在做php今天是2019年12月20日 我还在做php今天是2019年12月20日 我还在做php今天是2019年12月20日 我还在做php今天是2019年12月20日 我还在做php今天是2019年12月20日 我还在做php今天是2019年12月20日 我还在做php今天是2019年12月20日 我还在做php今天是2019年12月20日 我还在做php今天是2019年12月20日 我还在做php今天是2019年12月20日 我还在做php今天是2019年12月20日 我还在做php今天是2019年12月20日 我还在做php今天是2019年12月20日 我还在做php','2019-12-20 11:10:16',7,1),(13,9,'我要投诉我要投诉我要投诉我要投诉我要投诉我要投诉我要投诉','我要投诉我要投诉我要投诉我要投诉我要投诉我要投诉我要投诉我要投诉','2019-12-20 11:28:12',7,373),(14,11,'我要举报','我要举报我要举报我要举报我要举报我要举报我要举报\r\n举报举报','2019-12-20 11:28:21',7,21),(15,10,'我要申诉我要申诉我要申诉','我要申诉我要申诉我要申诉我要申诉我要申诉我要申诉','2019-12-20 11:28:31',7,29),(16,12,'【公告】关于本LOL论坛上线时间','想多了吧？ 这只是一个期末作业 。。。','2019-12-20 11:29:20',7,3),(17,8,'啊啊啊啊啊啊啊啊啊啊啊','呃呃呃呃呃呃呃呃呃呃呃呃呃呃呃呃呃呃','2019-12-20 11:37:09',7,1),(20,12,'测试引用回复的原回复被删除后的显示问题','一楼引狼','2019-12-21 18:19:41',6,173),(19,9,'可以换行吧？？','我单独占一行\r\n我也是\r\n俺也一样\r\n俺也一样','2019-12-20 12:23:35',7,13),(22,13,'刷刷刷刷刷刷','刷刷刷刷刷刷刷刷刷刷刷刷','2019-12-22 13:03:49',9,0),(23,13,'刷刷刷刷刷刷刷刷刷','刷刷刷刷刷刷刷刷刷刷刷刷刷刷刷刷刷刷','2019-12-22 13:03:55',9,1),(24,13,'水水水','水水水水水水水水水水水水','2019-12-22 13:04:05',9,6),(25,13,'水水水水水水水水水','水水水水水水水水水水水水','2019-12-22 13:04:12',9,0),(26,13,'水水水水水水','水水水水水水水水水水水水','2019-12-22 13:04:18',9,0),(27,13,'水水水水水水水水水','水水水水水水水水水水水水水水水','2019-12-22 13:04:26',9,0),(28,13,'水水水水水水水水水','水水水水水水水水水水水水水水水','2019-12-22 13:04:32',9,0),(29,13,'水水水水水水','水水水水水水水水水水水水水水水水水水','2019-12-22 13:04:38',9,0),(30,13,'刷帖刷贴','刷帖刷贴刷帖刷贴刷帖刷贴刷帖刷贴','2019-12-22 13:04:57',9,0),(31,13,'刷帖刷贴刷帖刷贴','刷帖刷贴刷帖刷贴刷帖刷贴刷帖刷贴','2019-12-22 13:05:04',9,0),(32,13,'刷帖刷贴刷帖刷贴刷帖刷贴','刷帖刷贴刷帖刷贴刷帖刷贴刷帖刷贴','2019-12-22 13:05:10',9,0),(33,13,'刷帖刷贴刷帖刷贴刷帖刷贴刷帖刷贴','刷帖刷贴刷帖刷贴刷帖刷贴刷帖刷贴刷帖刷贴刷帖刷贴刷帖刷贴刷帖刷贴刷帖刷贴刷帖刷贴刷帖刷贴刷帖刷贴刷帖刷贴刷帖刷贴刷帖刷贴刷帖刷贴刷帖刷贴刷帖刷贴刷帖刷贴刷帖刷贴刷帖刷贴刷帖刷贴刷帖刷贴','2019-12-22 13:05:17',9,0),(34,13,'刷帖刷贴刷帖刷贴刷帖刷贴刷帖刷贴刷帖刷贴刷帖刷贴刷帖刷贴刷帖刷贴刷帖刷贴','刷帖刷贴刷帖刷贴刷帖刷贴刷帖刷贴刷帖刷贴刷帖刷贴刷帖刷贴刷帖刷贴刷帖刷贴刷帖刷贴','2019-12-22 13:05:23',9,0),(35,13,'刷帖刷贴刷帖刷贴刷帖刷贴','刷帖刷贴刷帖刷贴刷帖刷贴刷帖刷贴刷帖刷贴刷帖刷贴刷帖刷贴刷帖刷贴刷帖刷贴','2019-12-22 13:05:38',9,1),(36,13,'刷帖刷贴刷帖刷贴','刷帖刷贴刷帖刷贴刷帖刷贴','2019-12-22 13:05:43',9,0),(37,13,'刷帖刷贴刷帖刷贴','刷帖刷贴刷帖刷贴刷帖刷贴刷帖刷贴','2019-12-22 13:05:48',9,0),(38,13,'萨科拉省的很绝望','萨科拉省的很绝望萨科拉省的很绝望','2019-12-22 13:08:11',9,0),(39,13,'萨科拉省的很绝望','阿萨的飞机喀什一名女生方面','2019-12-22 13:08:21',9,0),(40,13,'拿下这个v参加嘎嘎瑞','执行计划发给我骄傲和传播','2019-12-22 13:08:38',9,170),(41,14,'这里是游戏互动这里是游戏互动这里是游戏互动','这里是游戏互动这里是游戏互动这里是游戏互动这里是游戏互动这里是游戏互动这里是游戏互动这里是游戏互动这里是游戏互动这里是游戏互动这里是游戏互动这里是游戏互动这里是游戏互动这里是游戏互动这里是游戏互动这里是游戏互动这里是游戏互动这里是游戏互动这里是游戏互动','2019-12-22 13:17:11',9,0),(42,14,'这里是游戏互动这里是游戏互动这里是游戏互动','这里是游戏互动这里是游戏互动这里是游戏互动这里是游戏互动这里是游戏互动这里是游戏互动这里是游戏互动这里是游戏互动这里是游戏互动这里是游戏互动这里是游戏互动这里是游戏互动这里是游戏互动这里是游戏互动这里是游戏互动这里是游戏互动这里是游戏互动这里是游戏互动','2019-12-22 13:17:13',9,0),(43,14,'这里是游戏互动这里是游戏互动这里是游戏互动','这里是游戏互动这里是游戏互动这里是游戏互动这里是游戏互动这里是游戏互动这里是游戏互动这里是游戏互动这里是游戏互动这里是游戏互动这里是游戏互动这里是游戏互动这里是游戏互动这里是游戏互动这里是游戏互动这里是游戏互动这里是游戏互动这里是游戏互动这里是游戏互动','2019-12-22 13:18:39',9,0),(44,14,'刷','啊实打实大大','2019-12-22 13:21:52',8,0),(45,14,'刷刷刷刷刷刷刷','刷刷刷刷刷刷刷刷刷','2019-12-22 13:21:59',8,0),(46,14,'刷刷刷刷刷刷刷','刷刷刷刷刷刷刷刷刷','2019-12-22 13:22:00',8,0),(47,14,'刷刷刷刷刷刷刷','刷刷刷刷刷刷刷刷刷','2019-12-22 13:22:01',8,0),(48,14,'刷刷刷刷刷刷刷','刷刷刷刷刷刷刷刷刷','2019-12-22 13:22:02',8,0),(49,14,'刷刷刷刷刷刷刷','刷刷刷刷刷刷刷刷刷','2019-12-22 13:22:03',8,0),(50,14,'刷刷刷刷刷刷刷','刷刷刷刷刷刷刷刷刷','2019-12-22 13:22:03',8,0),(51,14,'刷刷刷刷刷刷刷','刷刷刷刷刷刷刷刷刷','2019-12-22 13:22:04',8,0),(52,14,'刷刷刷刷刷刷刷','刷刷刷刷刷刷刷刷刷','2019-12-22 13:22:04',8,0),(53,14,'刷刷刷刷刷刷刷','刷刷刷刷刷刷刷刷刷','2019-12-22 13:22:05',8,0),(54,14,'刷刷刷刷刷刷刷','刷刷刷刷刷刷刷刷刷','2019-12-22 13:22:05',8,0),(55,14,'刷刷刷刷刷刷刷','刷刷刷刷刷刷刷刷刷','2019-12-22 13:22:06',8,0),(56,14,'刷刷刷刷刷刷刷','刷刷刷刷刷刷刷刷刷','2019-12-22 13:22:07',8,0),(57,14,'刷刷刷刷刷刷刷','刷刷刷刷刷刷刷刷刷','2019-12-22 13:22:07',8,0),(58,14,'刷刷刷刷刷刷刷','刷刷刷刷刷刷刷刷刷','2019-12-22 13:22:08',8,0),(59,14,'刷刷刷刷刷刷刷','刷刷刷刷刷刷刷刷刷','2019-12-22 13:22:08',8,0),(60,14,'刷刷刷刷刷刷刷','刷刷刷刷刷刷刷刷刷','2019-12-22 13:22:09',8,0),(61,14,'刷刷刷刷刷刷刷','刷刷刷刷刷刷刷刷刷','2019-12-22 13:22:10',8,0),(62,14,'刷刷刷刷刷刷刷','刷刷刷刷刷刷刷刷刷','2019-12-22 13:22:10',8,0),(63,14,'刷刷刷刷刷刷刷','刷刷刷刷刷刷刷刷刷','2019-12-22 13:22:11',8,0),(64,14,'刷刷刷刷刷刷刷','刷刷刷刷刷刷刷刷刷','2019-12-22 13:22:11',8,0),(65,14,'刷刷刷刷刷刷刷','刷刷刷刷刷刷刷刷刷','2019-12-22 13:22:12',8,0),(66,14,'刷刷刷刷刷刷刷','刷刷刷刷刷刷刷刷刷','2019-12-22 13:22:13',8,0),(67,14,'刷刷刷刷刷刷刷','刷刷刷刷刷刷刷刷刷','2019-12-22 13:22:13',8,0),(68,14,'刷刷刷刷刷刷刷','刷刷刷刷刷刷刷刷刷','2019-12-22 13:22:14',8,0),(69,14,'刷刷刷刷刷刷刷','刷刷刷刷刷刷刷刷刷','2019-12-22 13:22:15',8,0),(70,14,'刷刷刷刷刷刷刷','刷刷刷刷刷刷刷刷刷','2019-12-22 13:22:15',8,0),(71,14,'刷刷刷刷刷刷刷','刷刷刷刷刷刷刷刷刷','2019-12-22 13:22:16',8,0),(72,14,'刷刷刷刷刷刷刷','刷刷刷刷刷刷刷刷刷','2019-12-22 13:22:17',8,0),(73,14,'刷刷刷刷刷刷刷','刷刷刷刷刷刷刷刷刷','2019-12-22 13:22:17',8,0),(74,14,'刷刷刷刷刷刷刷','刷刷刷刷刷刷刷刷刷','2019-12-22 13:22:18',8,0),(75,14,'刷刷刷刷刷刷刷','刷刷刷刷刷刷刷刷刷','2019-12-22 13:22:18',8,0),(76,15,'战绩分享【刷】【刷刷刷刷】','喜刷刷喜刷刷喜刷刷\r\n喜刷刷喜刷刷','2019-12-22 13:23:08',8,0),(77,15,'战绩分享【刷】【刷刷刷刷】','喜刷刷喜刷刷喜刷刷\r\n喜刷刷喜刷刷','2019-12-22 13:23:09',8,0),(78,15,'战绩分享【刷】【刷刷刷刷】','喜刷刷喜刷刷喜刷刷\r\n喜刷刷喜刷刷','2019-12-22 13:23:09',8,0),(79,15,'战绩分享【刷】【刷刷刷刷】','喜刷刷喜刷刷喜刷刷\r\n喜刷刷喜刷刷','2019-12-22 13:23:10',8,0),(80,15,'战绩分享【刷】【刷刷刷刷】','喜刷刷喜刷刷喜刷刷\r\n喜刷刷喜刷刷','2019-12-22 13:23:10',8,0),(81,15,'战绩分享【刷】【刷刷刷刷】','喜刷刷喜刷刷喜刷刷\r\n喜刷刷喜刷刷','2019-12-22 13:23:11',8,0),(82,15,'战绩分享【刷】【刷刷刷刷】','喜刷刷喜刷刷喜刷刷\r\n喜刷刷喜刷刷','2019-12-22 13:23:12',8,0),(83,15,'战绩分享【刷】【刷刷刷刷】','喜刷刷喜刷刷喜刷刷\r\n喜刷刷喜刷刷','2019-12-22 13:23:12',8,0),(84,15,'战绩分享【刷】【刷刷刷刷】','喜刷刷喜刷刷喜刷刷\r\n喜刷刷喜刷刷','2019-12-22 13:23:13',8,0),(85,15,'战绩分享【刷】【刷刷刷刷】','喜刷刷喜刷刷喜刷刷\r\n喜刷刷喜刷刷','2019-12-22 13:23:14',8,0),(86,15,'战绩分享【刷】【刷刷刷刷】','喜刷刷喜刷刷喜刷刷\r\n喜刷刷喜刷刷','2019-12-22 13:23:14',8,0),(87,15,'战绩分享【刷】【刷刷刷刷】','喜刷刷喜刷刷喜刷刷\r\n喜刷刷喜刷刷','2019-12-22 13:23:15',8,0),(88,15,'战绩分享【刷】【刷刷刷刷】','喜刷刷喜刷刷喜刷刷\r\n喜刷刷喜刷刷','2019-12-22 13:23:16',8,0),(89,15,'战绩分享【刷】【刷刷刷刷】','喜刷刷喜刷刷喜刷刷\r\n喜刷刷喜刷刷','2019-12-22 13:23:16',8,0),(90,15,'战绩分享【刷】【刷刷刷刷】','喜刷刷喜刷刷喜刷刷\r\n喜刷刷喜刷刷','2019-12-22 13:23:17',8,0),(91,15,'战绩分享【刷】【刷刷刷刷】','喜刷刷喜刷刷喜刷刷\r\n喜刷刷喜刷刷','2019-12-22 13:23:17',8,0),(92,15,'战绩分享【刷】【刷刷刷刷】','喜刷刷喜刷刷喜刷刷\r\n喜刷刷喜刷刷','2019-12-22 13:23:18',8,0),(93,15,'战绩分享【刷】【刷刷刷刷】','喜刷刷喜刷刷喜刷刷\r\n喜刷刷喜刷刷','2019-12-22 13:23:19',8,0),(94,15,'战绩分享【刷】【刷刷刷刷】','喜刷刷喜刷刷喜刷刷\r\n喜刷刷喜刷刷','2019-12-22 13:23:19',8,0),(95,15,'战绩分享【刷】【刷刷刷刷】','喜刷刷喜刷刷喜刷刷\r\n喜刷刷喜刷刷','2019-12-22 13:23:20',8,12),(96,16,'换了个号来继续刷','换了个号来继续刷换了个号来继续刷换了个号来继续刷','2019-12-22 13:24:23',10,0),(97,16,'换了个号来继续刷','换了个号来继续刷换了个号来继续刷换了个号来继续刷','2019-12-22 13:24:24',10,0),(98,16,'换了个号来继续刷','换了个号来继续刷换了个号来继续刷换了个号来继续刷','2019-12-22 13:24:25',10,0),(99,16,'换了个号来继续刷','换了个号来继续刷换了个号来继续刷换了个号来继续刷','2019-12-22 13:24:25',10,0),(100,16,'换了个号来继续刷','换了个号来继续刷换了个号来继续刷换了个号来继续刷','2019-12-22 13:24:26',10,0),(101,16,'换了个号来继续刷','换了个号来继续刷换了个号来继续刷换了个号来继续刷','2019-12-22 13:24:27',10,0),(102,16,'换了个号来继续刷','换了个号来继续刷换了个号来继续刷换了个号来继续刷','2019-12-22 13:24:27',10,0),(103,16,'换了个号来继续刷','换了个号来继续刷换了个号来继续刷换了个号来继续刷','2019-12-22 13:24:28',10,0),(104,16,'换了个号来继续刷','换了个号来继续刷换了个号来继续刷换了个号来继续刷','2019-12-22 13:24:28',10,0),(105,16,'换了个号来继续刷','换了个号来继续刷换了个号来继续刷换了个号来继续刷','2019-12-22 13:24:29',10,0),(106,16,'换了个号来继续刷','换了个号来继续刷换了个号来继续刷换了个号来继续刷','2019-12-22 13:24:29',10,0),(107,16,'换了个号来继续刷','换了个号来继续刷换了个号来继续刷换了个号来继续刷','2019-12-22 13:24:30',10,0),(108,16,'换了个号来继续刷','换了个号来继续刷换了个号来继续刷换了个号来继续刷','2019-12-22 13:24:30',10,0),(109,16,'换了个号来继续刷','换了个号来继续刷换了个号来继续刷换了个号来继续刷','2019-12-22 13:24:31',10,0),(110,16,'换了个号来继续刷','换了个号来继续刷换了个号来继续刷换了个号来继续刷','2019-12-22 13:24:31',10,0),(111,16,'换了个号来继续刷','换了个号来继续刷换了个号来继续刷换了个号来继续刷','2019-12-22 13:24:32',10,0),(112,16,'换了个号来继续刷','换了个号来继续刷换了个号来继续刷换了个号来继续刷','2019-12-22 13:24:32',10,0),(113,16,'换了个号来继续刷','换了个号来继续刷换了个号来继续刷换了个号来继续刷','2019-12-22 13:24:33',10,0),(114,16,'换了个号来继续刷','换了个号来继续刷换了个号来继续刷换了个号来继续刷','2019-12-22 13:24:33',10,0),(115,16,'换了个号来继续刷','换了个号来继续刷换了个号来继续刷换了个号来继续刷','2019-12-22 13:24:34',10,0),(116,16,'换了个号来继续刷','换了个号来继续刷换了个号来继续刷换了个号来继续刷','2019-12-22 13:24:35',10,0),(117,16,'换了个号来继续刷','换了个号来继续刷换了个号来继续刷换了个号来继续刷','2019-12-22 13:24:35',10,0),(118,16,'换了个号来继续刷','换了个号来继续刷换了个号来继续刷换了个号来继续刷','2019-12-22 13:24:36',10,1),(119,16,'换了个号来继续刷','换了个号来继续刷换了个号来继续刷换了个号来继续刷','2019-12-22 13:24:36',10,1),(120,17,'大家好我是王达浩6号','刷刷刷','2019-12-22 13:29:42',11,0),(121,17,'大家好我是王达浩6号','刷刷刷','2019-12-22 13:29:42',11,0),(122,17,'大家好我是王达浩6号','刷刷刷','2019-12-22 13:29:43',11,0),(123,17,'大家好我是王达浩6号','刷刷刷','2019-12-22 13:29:44',11,0),(124,17,'大家好我是王达浩6号','刷刷刷','2019-12-22 13:29:45',11,0),(125,17,'大家好我是王达浩6号','刷刷刷','2019-12-22 13:29:45',11,0),(126,17,'大家好我是王达浩6号','刷刷刷','2019-12-22 13:29:46',11,0),(127,17,'大家好我是王达浩6号','刷刷刷','2019-12-22 13:29:46',11,0),(128,17,'大家好我是王达浩6号','刷刷刷','2019-12-22 13:29:47',11,0),(129,17,'大家好我是王达浩6号','刷刷刷','2019-12-22 13:29:47',11,0),(130,17,'大家好我是王达浩6号','刷刷刷','2019-12-22 13:29:48',11,0),(131,17,'大家好我是王达浩6号','刷刷刷','2019-12-22 13:29:48',11,0),(132,17,'大家好我是王达浩6号','刷刷刷','2019-12-22 13:29:49',11,0),(133,17,'大家好我是王达浩6号','刷刷刷','2019-12-22 13:29:49',11,0),(134,17,'大家好我是王达浩6号','刷刷刷','2019-12-22 13:29:50',11,0),(135,17,'大家好我是王达浩6号','刷刷刷','2019-12-22 13:29:51',11,0),(136,17,'大家好我是王达浩6号','刷刷刷','2019-12-22 13:29:51',11,0),(137,17,'大家好我是王达浩6号','刷刷刷','2019-12-22 13:29:52',11,0),(138,17,'大家好我是王达浩6号','刷刷刷','2019-12-22 13:29:52',11,0),(139,17,'大家好我是王达浩6号','刷刷刷','2019-12-22 13:29:53',11,0),(140,17,'大家好我是王达浩6号','刷刷刷','2019-12-22 13:29:53',11,0),(141,17,'大家好我是王达浩6号','刷刷刷','2019-12-22 13:29:54',11,0),(142,17,'大家好我是王达浩6号','刷刷刷','2019-12-22 13:29:54',11,0),(143,17,'大家好我是王达浩6号','刷刷刷','2019-12-22 13:29:55',11,0),(144,17,'大家好我是王达浩6号','刷刷刷','2019-12-22 13:29:56',11,28),(145,17,'大家好我是王达浩6号','刷刷刷','2019-12-22 13:29:56',11,16),(146,18,'带噶后！我系 5号','我又来刷帖了','2019-12-22 13:35:56',10,0),(147,18,'带噶后！我系 5号','我又来刷帖了','2019-12-22 13:36:05',10,0),(148,18,'带噶后！我系 5号','我又来刷帖了','2019-12-22 13:36:26',10,0),(149,18,'带噶后！我系 5号','我又来刷帖了','2019-12-22 13:36:31',10,0),(150,18,'带噶后！我系 5号','我又来刷帖了','2019-12-22 13:36:32',10,0),(151,18,'带噶后！我系 5号','我又来刷帖了','2019-12-22 13:36:33',10,0),(152,18,'带噶后！我系 5号','我又来刷帖了','2019-12-22 13:36:33',10,0),(153,18,'带噶后！我系 5号','我又来刷帖了','2019-12-22 13:36:34',10,0),(154,18,'带噶后！我系 5号','我又来刷帖了','2019-12-22 13:36:35',10,0),(155,18,'带噶后！我系 5号','我又来刷帖了','2019-12-22 13:36:35',10,0),(156,18,'带噶后！我系 5号','我又来刷帖了','2019-12-22 13:36:36',10,0),(157,18,'带噶后！我系 5号','我又来刷帖了','2019-12-22 13:36:36',10,0),(158,18,'带噶后！我系 5号','我又来刷帖了','2019-12-22 13:36:37',10,0),(159,18,'带噶后！我系 5号','我又来刷帖了','2019-12-22 13:36:37',10,0),(160,18,'带噶后！我系 5号','我又来刷帖了','2019-12-22 13:36:38',10,0),(161,18,'带噶后！我系 5号','我又来刷帖了','2019-12-22 13:36:38',10,0),(162,18,'带噶后！我系 5号','我又来刷帖了','2019-12-22 13:36:38',10,0),(163,18,'带噶后！我系 5号','我又来刷帖了','2019-12-22 13:36:39',10,0),(164,18,'带噶后！我系 5号','我又来刷帖了','2019-12-22 13:36:39',10,0),(165,18,'带噶后！我系 5号','我又来刷帖了','2019-12-22 13:36:40',10,0),(166,18,'带噶后！我系 5号','我又来刷帖了','2019-12-22 13:36:40',10,0),(167,18,'带噶后！我系 5号','我又来刷帖了','2019-12-22 13:36:41',10,0),(168,18,'带噶后！我系 5号','我又来刷帖了','2019-12-22 13:36:41',10,0),(169,18,'带噶后！我系 5号','我又来刷帖了','2019-12-22 13:36:42',10,1),(170,18,'带噶后！我系 5号','我又来刷帖了','2019-12-22 13:36:42',10,0),(171,18,'带噶后！我系 5号','我又来刷帖了','2019-12-22 13:36:43',10,1),(172,18,'带噶后！我系 5号','我又来刷帖了','2019-12-22 13:36:43',10,0),(173,19,'大家好，我是本尊！来刷贴了','啊大苏打实打实打算','2019-12-22 13:37:54',6,0),(174,19,'大家好，我是本尊！来刷贴了','啊大苏打实打实打算','2019-12-22 13:37:55',6,0),(175,19,'大家好，我是本尊！来刷贴了','啊大苏打实打实打算','2019-12-22 13:37:55',6,0),(176,19,'大家好，我是本尊！来刷贴了','啊大苏打实打实打算','2019-12-22 13:37:56',6,0),(177,19,'大家好，我是本尊！来刷贴了','啊大苏打实打实打算','2019-12-22 13:37:56',6,0),(178,19,'大家好，我是本尊！来刷贴了','啊大苏打实打实打算','2019-12-22 13:37:57',6,0),(179,19,'大家好，我是本尊！来刷贴了','啊大苏打实打实打算','2019-12-22 13:37:57',6,0),(180,19,'大家好，我是本尊！来刷贴了','啊大苏打实打实打算','2019-12-22 13:37:58',6,0),(181,19,'大家好，我是本尊！来刷贴了','啊大苏打实打实打算','2019-12-22 13:37:59',6,0),(182,19,'大家好，我是本尊！来刷贴了','啊大苏打实打实打算','2019-12-22 13:38:00',6,0),(183,19,'大家好，我是本尊！来刷贴了','啊大苏打实打实打算','2019-12-22 13:38:04',6,0),(184,19,'大家好，我是本尊！来刷贴了','啊大苏打实打实打算','2019-12-22 13:38:04',6,0),(185,19,'大家好，我是本尊！来刷贴了','啊大苏打实打实打算','2019-12-22 13:38:05',6,0),(186,19,'大家好，我是本尊！来刷贴了','啊大苏打实打实打算','2019-12-22 13:38:06',6,0),(187,19,'大家好，我是本尊！来刷贴了','啊大苏打实打实打算','2019-12-22 13:38:06',6,0),(188,19,'大家好，我是本尊！来刷贴了','啊大苏打实打实打算','2019-12-22 13:38:07',6,0),(189,19,'大家好，我是本尊！来刷贴了','啊大苏打实打实打算','2019-12-22 13:38:07',6,0),(190,19,'大家好，我是本尊！来刷贴了','啊大苏打实打实打算','2019-12-22 13:38:08',6,0),(191,19,'大家好，我是本尊！来刷贴了','啊大苏打实打实打算','2019-12-22 13:38:08',6,0),(192,19,'大家好，我是本尊！来刷贴了','啊大苏打实打实打算','2019-12-22 13:38:09',6,0),(193,19,'大家好，我是本尊！来刷贴了','啊大苏打实打实打算','2019-12-22 13:38:09',6,0),(194,19,'大家好，我是本尊！来刷贴了','啊大苏打实打实打算','2019-12-22 13:38:10',6,0),(195,19,'大家好，我是本尊！来刷贴了','啊大苏打实打实打算','2019-12-22 13:38:10',6,0),(196,19,'大家好，我是本尊！来刷贴了','啊大苏打实打实打算','2019-12-22 13:38:11',6,0),(197,19,'大家好，我是本尊！来刷贴了','啊大苏打实打实打算','2019-12-22 13:38:11',6,0),(198,19,'大家好，我是本尊！来刷贴了','啊大苏打实打实打算','2019-12-22 13:38:11',6,0),(199,19,'大家好，我是本尊！来刷贴了','啊大苏打实打实打算','2019-12-22 13:38:12',6,0),(200,19,'大家好，我是本尊！来刷贴了','啊大苏打实打实打算','2019-12-22 13:38:14',6,13),(201,7,'我是二号！！我是二号！！我是二号！！','我是二号！！我是二号！！我是二号！！我是二号！！我是二号！！我是二号！！我是二号！！我是二号！！','2019-12-22 13:44:02',7,0),(202,7,'我是二号！！我是二号！！我是二号！！','我是二号！！我是二号！！我是二号！！我是二号！！我是二号！！我是二号！！我是二号！！我是二号！！','2019-12-22 13:44:03',7,0),(203,7,'我是二号！！我是二号！！我是二号！！','我是二号！！我是二号！！我是二号！！我是二号！！我是二号！！我是二号！！我是二号！！我是二号！！','2019-12-22 13:44:03',7,0),(204,7,'我是二号！！我是二号！！我是二号！！','我是二号！！我是二号！！我是二号！！我是二号！！我是二号！！我是二号！！我是二号！！我是二号！！','2019-12-22 13:44:04',7,0),(205,7,'我是二号！！我是二号！！我是二号！！','我是二号！！我是二号！！我是二号！！我是二号！！我是二号！！我是二号！！我是二号！！我是二号！！','2019-12-22 13:44:05',7,0),(206,7,'我是二号！！我是二号！！我是二号！！','我是二号！！我是二号！！我是二号！！我是二号！！我是二号！！我是二号！！我是二号！！我是二号！！','2019-12-22 13:44:05',7,0),(207,7,'我是二号！！我是二号！！我是二号！！','我是二号！！我是二号！！我是二号！！我是二号！！我是二号！！我是二号！！我是二号！！我是二号！！','2019-12-22 13:44:05',7,0),(208,7,'我是二号！！我是二号！！我是二号！！','我是二号！！我是二号！！我是二号！！我是二号！！我是二号！！我是二号！！我是二号！！我是二号！！','2019-12-22 13:44:06',7,0),(209,7,'我是二号！！我是二号！！我是二号！！','我是二号！！我是二号！！我是二号！！我是二号！！我是二号！！我是二号！！我是二号！！我是二号！！','2019-12-22 13:44:06',7,0),(210,7,'我是二号！！我是二号！！我是二号！！','我是二号！！我是二号！！我是二号！！我是二号！！我是二号！！我是二号！！我是二号！！我是二号！！','2019-12-22 13:44:07',7,0),(211,7,'我是二号！！我是二号！！我是二号！！','我是二号！！我是二号！！我是二号！！我是二号！！我是二号！！我是二号！！我是二号！！我是二号！！','2019-12-22 13:44:07',7,0),(212,7,'我是二号！！我是二号！！我是二号！！','我是二号！！我是二号！！我是二号！！我是二号！！我是二号！！我是二号！！我是二号！！我是二号！！','2019-12-22 13:44:08',7,0),(213,7,'我是二号！！我是二号！！我是二号！！','我是二号！！我是二号！！我是二号！！我是二号！！我是二号！！我是二号！！我是二号！！我是二号！！','2019-12-22 13:44:08',7,0),(214,7,'我是二号！！我是二号！！我是二号！！','我是二号！！我是二号！！我是二号！！我是二号！！我是二号！！我是二号！！我是二号！！我是二号！！','2019-12-22 13:44:09',7,0),(215,7,'我是二号！！我是二号！！我是二号！！','我是二号！！我是二号！！我是二号！！我是二号！！我是二号！！我是二号！！我是二号！！我是二号！！','2019-12-22 13:44:09',7,0),(216,7,'我是二号！！我是二号！！我是二号！！','我是二号！！我是二号！！我是二号！！我是二号！！我是二号！！我是二号！！我是二号！！我是二号！！','2019-12-22 13:44:10',7,0),(217,7,'我是二号！！我是二号！！我是二号！！','我是二号！！我是二号！！我是二号！！我是二号！！我是二号！！我是二号！！我是二号！！我是二号！！','2019-12-22 13:44:10',7,0),(218,7,'我是二号！！我是二号！！我是二号！！','我是二号！！我是二号！！我是二号！！我是二号！！我是二号！！我是二号！！我是二号！！我是二号！！','2019-12-22 13:44:11',7,0),(219,7,'我是二号！！我是二号！！我是二号！！','我是二号！！我是二号！！我是二号！！我是二号！！我是二号！！我是二号！！我是二号！！我是二号！！','2019-12-22 13:44:11',7,0),(220,7,'我是二号！！我是二号！！我是二号！！','我是二号！！我是二号！！我是二号！！我是二号！！我是二号！！我是二号！！我是二号！！我是二号！！','2019-12-22 13:44:12',7,0),(221,8,'大家好 我是 3 号','刷帖就完事了','2019-12-22 13:49:19',12,0),(222,8,'大家好 我是 3 号','刷帖就完事了','2019-12-22 13:49:20',12,0),(223,8,'大家好 我是 3 号','刷帖就完事了','2019-12-22 13:49:20',12,0),(224,8,'大家好 我是 3 号','刷帖就完事了','2019-12-22 13:49:21',12,0),(225,8,'大家好 我是 3 号','刷帖就完事了','2019-12-22 13:49:21',12,0),(226,8,'大家好 我是 3 号','刷帖就完事了','2019-12-22 13:49:22',12,0),(227,8,'大家好 我是 3 号','刷帖就完事了','2019-12-22 13:49:23',12,0),(228,8,'大家好 我是 3 号','刷帖就完事了','2019-12-22 13:49:23',12,0),(229,8,'大家好 我是 3 号','刷帖就完事了','2019-12-22 13:49:24',12,0),(230,8,'大家好 我是 3 号','刷帖就完事了','2019-12-22 13:49:24',12,0),(231,8,'大家好 我是 3 号','刷帖就完事了','2019-12-22 13:49:25',12,0),(232,8,'大家好 我是 3 号','刷帖就完事了','2019-12-22 13:49:25',12,0),(233,8,'大家好 我是 3 号','刷帖就完事了','2019-12-22 13:49:26',12,0),(234,8,'大家好 我是 3 号','刷帖就完事了','2019-12-22 13:49:27',12,0),(235,8,'大家好 我是 3 号','刷帖就完事了','2019-12-22 13:49:27',12,0),(236,8,'大家好 我是 3 号','刷帖就完事了','2019-12-22 13:49:28',12,0),(237,8,'大家好 我是 3 号','刷帖就完事了','2019-12-22 13:49:28',12,0),(238,8,'大家好 我是 3 号','刷帖就完事了','2019-12-22 13:49:29',12,0),(239,8,'大家好 我是 3 号','刷帖就完事了','2019-12-22 13:49:30',12,0),(240,8,'大家好 我是 3 号','刷帖就完事了','2019-12-22 13:49:30',12,0),(241,8,'大家好 我是 3 号','刷帖就完事了','2019-12-22 13:49:31',12,0),(242,8,'大家好 我是 3 号','刷帖就完事了','2019-12-22 13:49:35',12,0),(243,20,'这里是phphphphphp','phphphphphphphp','2019-12-22 13:52:45',12,0),(244,20,'这里是phphphphphp','phphphphphphphp','2019-12-22 13:52:46',12,0),(245,20,'这里是phphphphphp','phphphphphphphp','2019-12-22 13:52:46',12,0),(246,20,'这里是phphphphphp','phphphphphphphp','2019-12-22 13:52:47',12,0),(247,20,'这里是phphphphphp','phphphphphphphp','2019-12-22 13:52:47',12,0),(248,20,'这里是phphphphphp','phphphphphphphp','2019-12-22 13:52:48',12,0),(249,20,'这里是phphphphphp','phphphphphphphp','2019-12-22 13:52:48',12,0),(250,20,'这里是phphphphphp','phphphphphphphp','2019-12-22 13:52:49',12,0),(251,20,'这里是phphphphphp','phphphphphphphp','2019-12-22 13:52:49',12,0),(252,20,'这里是phphphphphp','phphphphphphphp','2019-12-22 13:52:50',12,0),(253,20,'这里是phphphphphp','phphphphphphphp','2019-12-22 13:52:50',12,0),(254,20,'这里是phphphphphp','phphphphphphphp','2019-12-22 13:52:51',12,0),(255,20,'这里是phphphphphp','phphphphphphphp','2019-12-22 13:52:51',12,0),(256,20,'这里是phphphphphp','phphphphphphphp','2019-12-22 13:52:52',12,0),(257,20,'这里是phphphphphp','phphphphphphphp','2019-12-22 13:52:52',12,0),(258,20,'这里是phphphphphp','phphphphphphphp','2019-12-22 13:52:53',12,0),(259,20,'这里是phphphphphp','phphphphphphphp','2019-12-22 13:52:53',12,0),(260,20,'这里是phphphphphp','phphphphphphphp','2019-12-22 13:52:53',12,0),(261,20,'这里是phphphphphp','phphphphphphphp','2019-12-22 13:52:54',12,0),(262,20,'这里是phphphphphp','phphphphphphphp','2019-12-22 13:52:54',12,0),(263,20,'这里是phphphphphp','phphphphphphphp','2019-12-22 13:52:55',12,0),(264,20,'这里是phphphphphp','phphphphphphphp','2019-12-22 13:52:55',12,0),(265,20,'这里是phphphphphp','phphphphphphphp','2019-12-22 13:52:56',12,0),(266,20,'这里是phphphphphp','phphphphphphphp','2019-12-22 13:52:56',12,0),(267,20,'这里是phphphphphp','phphphphphphphp','2019-12-22 13:52:57',12,0),(268,20,'这里是phphphphphp','phphphphphphphp','2019-12-22 13:52:57',12,0),(269,20,'这里是phphphphphp','phphphphphphphp','2019-12-22 13:52:58',12,0),(270,20,'这里是phphphphphp','phphphphphphphp','2019-12-22 13:52:58',12,0),(271,21,'aaaaaaaaaaa','bbbbbbbbbbbbbbbbb','2019-12-22 13:54:22',9,0),(272,21,'aaaaaaaaaaa','bbbbbbbbbbbbbbbbb','2019-12-22 13:54:23',9,0),(273,21,'aaaaaaaaaaa','bbbbbbbbbbbbbbbbb','2019-12-22 13:54:23',9,0),(274,21,'aaaaaaaaaaa','bbbbbbbbbbbbbbbbb','2019-12-22 13:54:24',9,0),(275,21,'aaaaaaaaaaa','bbbbbbbbbbbbbbbbb','2019-12-22 13:54:24',9,0),(276,21,'aaaaaaaaaaa','bbbbbbbbbbbbbbbbb','2019-12-22 13:54:25',9,0),(277,21,'aaaaaaaaaaa','bbbbbbbbbbbbbbbbb','2019-12-22 13:54:25',9,0),(278,21,'aaaaaaaaaaa','bbbbbbbbbbbbbbbbb','2019-12-22 13:54:25',9,0),(279,21,'aaaaaaaaaaa','bbbbbbbbbbbbbbbbb','2019-12-22 13:54:26',9,0),(280,21,'aaaaaaaaaaa','bbbbbbbbbbbbbbbbb','2019-12-22 13:54:26',9,0),(281,21,'aaaaaaaaaaa','bbbbbbbbbbbbbbbbb','2019-12-22 13:54:27',9,0),(282,21,'aaaaaaaaaaa','bbbbbbbbbbbbbbbbb','2019-12-22 13:54:27',9,0),(283,21,'aaaaaaaaaaa','bbbbbbbbbbbbbbbbb','2019-12-22 13:54:28',9,0),(284,21,'aaaaaaaaaaa','bbbbbbbbbbbbbbbbb','2019-12-22 13:54:28',9,0),(285,21,'aaaaaaaaaaa','bbbbbbbbbbbbbbbbb','2019-12-22 13:54:28',9,0),(286,21,'aaaaaaaaaaa','bbbbbbbbbbbbbbbbb','2019-12-22 13:54:29',9,0),(287,21,'aaaaaaaaaaa','bbbbbbbbbbbbbbbbb','2019-12-22 13:54:29',9,0),(288,21,'aaaaaaaaaaa','bbbbbbbbbbbbbbbbb','2019-12-22 13:54:30',9,0),(289,21,'aaaaaaaaaaa','bbbbbbbbbbbbbbbbb','2019-12-22 13:54:30',9,0),(290,21,'aaaaaaaaaaa','bbbbbbbbbbbbbbbbb','2019-12-22 13:54:31',9,0),(291,21,'aaaaaaaaaaa','bbbbbbbbbbbbbbbbb','2019-12-22 13:54:31',9,0),(292,21,'aaaaaaaaaaa','bbbbbbbbbbbbbbbbb','2019-12-22 13:54:32',9,0),(293,22,'5号刷刷刷','5号刷刷刷5号刷刷刷5号刷刷刷5号刷刷刷','2019-12-22 13:56:58',10,0),(294,22,'5号刷刷刷','5号刷刷刷5号刷刷刷5号刷刷刷5号刷刷刷','2019-12-22 13:56:59',10,0),(295,22,'5号刷刷刷','5号刷刷刷5号刷刷刷5号刷刷刷5号刷刷刷','2019-12-22 13:57:00',10,0),(296,22,'5号刷刷刷','5号刷刷刷5号刷刷刷5号刷刷刷5号刷刷刷','2019-12-22 13:57:00',10,0),(297,22,'5号刷刷刷','5号刷刷刷5号刷刷刷5号刷刷刷5号刷刷刷','2019-12-22 13:57:01',10,0),(298,22,'5号刷刷刷','5号刷刷刷5号刷刷刷5号刷刷刷5号刷刷刷','2019-12-22 13:57:01',10,0),(299,22,'5号刷刷刷','5号刷刷刷5号刷刷刷5号刷刷刷5号刷刷刷','2019-12-22 13:57:01',10,0),(300,22,'5号刷刷刷','5号刷刷刷5号刷刷刷5号刷刷刷5号刷刷刷','2019-12-22 13:57:02',10,0),(301,22,'5号刷刷刷','5号刷刷刷5号刷刷刷5号刷刷刷5号刷刷刷','2019-12-22 13:57:02',10,0),(302,22,'5号刷刷刷','5号刷刷刷5号刷刷刷5号刷刷刷5号刷刷刷','2019-12-22 13:57:03',10,0),(303,22,'5号刷刷刷','5号刷刷刷5号刷刷刷5号刷刷刷5号刷刷刷','2019-12-22 13:57:03',10,0),(304,22,'5号刷刷刷','5号刷刷刷5号刷刷刷5号刷刷刷5号刷刷刷','2019-12-22 13:57:04',10,0),(305,22,'5号刷刷刷','5号刷刷刷5号刷刷刷5号刷刷刷5号刷刷刷','2019-12-22 13:57:04',10,1),(306,22,'5号刷刷刷','5号刷刷刷5号刷刷刷5号刷刷刷5号刷刷刷','2019-12-22 13:57:05',10,0),(307,22,'5号刷刷刷','5号刷刷刷5号刷刷刷5号刷刷刷5号刷刷刷','2019-12-22 13:57:05',10,0),(308,22,'5号刷刷刷','5号刷刷刷5号刷刷刷5号刷刷刷5号刷刷刷','2019-12-22 13:57:06',10,0),(309,22,'5号刷刷刷','5号刷刷刷5号刷刷刷5号刷刷刷5号刷刷刷','2019-12-22 13:57:06',10,0),(310,22,'5号刷刷刷','5号刷刷刷5号刷刷刷5号刷刷刷5号刷刷刷','2019-12-22 13:57:07',10,1),(311,22,'5号刷刷刷','5号刷刷刷5号刷刷刷5号刷刷刷5号刷刷刷','2019-12-22 13:57:07',10,0),(312,22,'5号刷刷刷','5号刷刷刷5号刷刷刷5号刷刷刷5号刷刷刷','2019-12-22 13:57:08',10,0),(313,23,'不刷了 太累了','不刷了 太累了不刷了 太累了','2019-12-22 13:57:51',10,14),(314,24,'不刷了 太累了','不刷了 太累了','2019-12-22 13:57:59',10,0),(315,25,'不刷了 太累了','不刷了 太累了','2019-12-22 13:58:05',10,0),(316,26,'不刷了 太累了','不刷了 太累了','2019-12-22 13:58:13',10,0),(317,27,'不刷了 太累了','不刷了 太累了','2019-12-22 13:58:20',10,0),(318,28,'不刷了 太累了','不刷了 太累了','2019-12-22 13:58:43',10,0),(319,29,'不刷了 太累了','不刷了 太累了','2019-12-22 13:58:53',10,0),(320,30,'不刷了 太累了','不刷了 太累了','2019-12-22 13:58:59',10,0);

/*Table structure for table `lol_father_module` */

DROP TABLE IF EXISTS `lol_father_module`;

CREATE TABLE `lol_father_module` (
  `id` int(10) unsigned NOT NULL AUTO_INCREMENT,
  `module_name` varchar(66) DEFAULT NULL,
  `sort` int(11) DEFAULT '0',
  PRIMARY KEY (`id`)
) ENGINE=MyISAM AUTO_INCREMENT=21 DEFAULT CHARSET=utf8;

/*Data for the table `lol_father_module` */

insert  into `lol_father_module`(`id`,`module_name`,`sort`) values (1,'综合讨论区',8),(2,'赛事讨论区',7),(3,'问题反馈区',6),(4,'开黑交流区',5),(5,'娱乐休闲区',4),(6,'攻略交流区',3),(7,'创意交流区',2),(8,'站务管理区',1);

/*Table structure for table `lol_manage` */

DROP TABLE IF EXISTS `lol_manage`;

CREATE TABLE `lol_manage` (
  `id` int(10) unsigned NOT NULL AUTO_INCREMENT,
  `name` varchar(32) DEFAULT NULL,
  `pw` varchar(32) DEFAULT NULL,
  `create_time` datetime DEFAULT NULL,
  `level` tinyint(4) DEFAULT '1',
  PRIMARY KEY (`id`)
) ENGINE=MyISAM AUTO_INCREMENT=3 DEFAULT CHARSET=utf8;

/*Data for the table `lol_manage` */

insert  into `lol_manage`(`id`,`name`,`pw`,`create_time`,`level`) values (1,'root','e10adc3949ba59abbe56e057f20f883e','2019-12-20 20:46:21',0),(2,'admin','e10adc3949ba59abbe56e057f20f883e','2019-12-20 21:31:07',1);

/*Table structure for table `lol_member` */

DROP TABLE IF EXISTS `lol_member`;

CREATE TABLE `lol_member` (
  `id` int(10) unsigned NOT NULL AUTO_INCREMENT,
  `name` varchar(32) DEFAULT NULL COMMENT '会员名',
  `pw` varchar(32) DEFAULT NULL COMMENT '密码',
  `photo` varchar(255) DEFAULT NULL COMMENT '头像',
  `register_time` datetime DEFAULT NULL COMMENT '注册时间',
  `last_time` datetime DEFAULT NULL COMMENT '最后一次登录时间',
  PRIMARY KEY (`id`)
) ENGINE=MyISAM AUTO_INCREMENT=13 DEFAULT CHARSET=utf8;

/*Data for the table `lol_member` */

insert  into `lol_member`(`id`,`name`,`pw`,`photo`,`register_time`,`last_time`) values (5,'root1','63ee451939ed580ef3c4b6f0109d1fd0',NULL,'2019-12-19 19:05:09',NULL),(6,'王达浩','4297f44b13955235245b2497399d7a93','uploads/2019/12/20/1083665dfcbdbdec8ca962901607.JPG','2019-12-19 19:28:03',NULL),(7,'王达浩2号','4297f44b13955235245b2497399d7a93','uploads/2019/12/22/1712655dff0289e4deb572645910.jpg','2019-12-20 11:09:22',NULL),(8,'王达浩1号','4297f44b13955235245b2497399d7a93','uploads/2019/12/22/2349855dfefd568f24d205175478.jpg','2019-12-20 13:53:53',NULL),(9,'王达浩4号','4297f44b13955235245b2497399d7a93','uploads/2019/12/21/8718045dfe2c694cf0a773764010.jpg','2019-12-21 22:23:04',NULL),(10,'王达浩5号','4297f44b13955235245b2497399d7a93','uploads/2019/12/22/2311915dff00959eb05231135993.jpg','2019-12-22 13:23:58',NULL),(11,'王达浩6号','4297f44b13955235245b2497399d7a93','uploads/2019/12/22/8557685dff0021699f3071393726.jpg','2019-12-22 13:29:12',NULL),(12,'王达浩3号','4297f44b13955235245b2497399d7a93','uploads/2019/12/22/9491195dff038d94450833088919.jpg','2019-12-22 13:46:31',NULL);

/*Table structure for table `lol_reply` */

DROP TABLE IF EXISTS `lol_reply`;

CREATE TABLE `lol_reply` (
  `id` int(10) unsigned NOT NULL AUTO_INCREMENT,
  `content_id` int(10) unsigned DEFAULT NULL COMMENT '帖子id',
  `quote_id` int(10) unsigned DEFAULT '0' COMMENT '引用回复id',
  `content` text COMMENT '回复内容',
  `time` datetime DEFAULT NULL COMMENT '回复时间',
  `member_id` int(10) unsigned DEFAULT NULL COMMENT '会员id',
  PRIMARY KEY (`id`)
) ENGINE=MyISAM AUTO_INCREMENT=80 DEFAULT CHARSET=utf8;

/*Data for the table `lol_reply` */

insert  into `lol_reply`(`id`,`content_id`,`quote_id`,`content`,`time`,`member_id`) values (1,13,0,'<button type=\"button\">我回复我自己(修改)（再次修改）</button>','2019-12-20 12:57:07',7),(2,13,0,'我回复我自己','2019-12-20 12:59:59',7),(36,20,0,'楼上的引用被删除了   ，所以被引用的 内容显示 “已删除”','2019-12-22 16:06:25',11),(4,13,1,'我引用了1楼的回复，你的按钮代码生成不了，因为管理员对内容进行了转义','2019-12-20 14:33:43',8),(7,24,0,'回复回复回复回复回复','2019-12-22 13:14:59',9),(6,20,5,'我是引用回复','2019-12-21 18:20:39',6),(8,24,0,'回复回复回复','2019-12-22 13:15:04',9),(9,24,0,'回复回复回复','2019-12-22 13:15:20',9),(10,24,0,'回复回复回复','2019-12-22 13:15:22',9),(11,24,0,'回复回复回复','2019-12-22 13:15:24',9),(12,24,0,'回复回复回复','2019-12-22 13:15:26',9),(13,24,0,'回复回复回复','2019-12-22 13:15:29',9),(14,24,0,'回复回复回复回复回复回复','2019-12-22 13:15:47',9),(15,24,0,'回复回复回复回复回复回复','2019-12-22 13:15:49',9),(16,24,0,'回复回复回复回复回复回复','2019-12-22 13:15:50',9),(17,24,0,'回复回复回复回复回复回复','2019-12-22 13:15:54',9),(19,40,0,'楼主好帅楼主好帅楼主好帅楼主好帅（修改）','2019-12-22 14:00:00',10),(20,40,0,'楼主好帅','2019-12-22 14:00:19',10),(35,40,34,'好了，问题完美解决','2019-12-22 14:29:11',10),(22,40,0,'楼主好帅','2019-12-22 14:00:20',10),(23,40,0,'楼主好帅','2019-12-22 14:00:21',10),(24,40,0,'楼主好帅','2019-12-22 14:00:21',10),(25,40,0,'楼主好帅','2019-12-22 14:00:22',10),(26,40,0,'楼主好帅','2019-12-22 14:00:22',10),(27,40,0,'楼主好帅','2019-12-22 14:00:23',10),(28,40,0,'楼主好帅','2019-12-22 14:00:24',10),(29,40,0,'楼主好帅','2019-12-22 14:00:24',10),(30,40,0,'楼主好帅','2019-12-22 14:00:27',10),(34,40,22,'引用了 5 楼 ，然后把4楼删掉， 然后5 楼 变成 4楼  ，看看 应用内容是几号','2019-12-22 14:28:06',10),(32,40,18,'你也好帅','2019-12-22 14:23:06',10),(33,40,31,'啊啥呢','2019-12-22 14:23:31',10),(37,95,0,'回复回复回复回复回复回复回复','2019-12-24 14:36:11',6),(38,95,0,'回复回复回复回复回复回复回复回复回复回复回复回复','2019-12-24 14:36:16',6),(39,95,0,'回复回复回复回复回复回复回复回复回复回复回复回复回复回复回复回复','2019-12-24 14:36:19',6),(40,95,0,'回复回复回复回复回复回复回复回复回复回复回复回复回复回复回复回复','2019-12-24 14:36:23',6),(41,95,0,'回复回复回复回复回复回复回复回复回复回复回复回复回复回复回复回复','2019-12-24 14:36:27',6),(42,95,0,'回复回复回复回复回复回复回复回复回复回复回复回复回复回复回复回复','2019-12-24 14:36:30',6),(43,95,0,'回复回复回复回复回复回复回复回复回复回复回复回复','2019-12-24 14:36:34',6),(44,95,0,'回复回复回复回复','2019-12-24 14:36:55',6),(45,95,0,'回复回复回复回复回复回复回复回复','2019-12-24 14:37:03',6),(46,95,38,'回复回复回复回复回复回复回复回复回复回复回复回复回复回复回复回复','2019-12-24 14:37:20',6),(47,145,0,'回复回复回复回复回复回复回复回复回复回复回复回复','2019-12-24 14:37:43',6),(48,145,0,'回复回复回复回复回复回复回复回复回复回复回复回复回复回复回复回复','2019-12-24 14:37:50',6),(49,145,0,'回复回复回复回复回复回复回复回复回复回复回复回复回复回复回复回复','2019-12-24 14:37:56',6),(50,145,0,'回复回复回复回复回复回复回复回复回复回复回复回复回复回复回复回复','2019-12-24 14:38:03',6),(51,145,0,'回复回复回复回复回复回复回复回复回复回复回复回复回复回复回复回复','2019-12-24 14:38:10',6),(52,145,0,'回复回复回复回复回复回复回复回复回复回复回复回复','2019-12-24 14:38:19',6),(53,145,52,'回复回复回复回复回复回复回复回复回复回复回复回复','2019-12-24 14:38:39',6),(54,145,53,'回复回复回复回复回复回复回复回复回复回复回复回复','2019-12-24 14:38:49',6),(55,145,54,'回复回复回复回复回复回复回复回复回复回复回复回复回复回复回复回复','2019-12-24 14:38:58',6),(56,145,55,'回复回复回复回复回复回复回复回复回复回复回复回复回复回复回复回复','2019-12-24 14:39:06',6),(57,145,56,'回复回复回复回复回复回复回复回复回复回复回复回复回复回复回复回复','2019-12-24 14:39:15',6),(58,200,0,'回复回复回复回复回复回复回复回复回复回复回复回复回复回复回复回复','2019-12-24 14:40:48',6),(59,200,0,'回复回复回复回复回复回复回复回复回复回复回复回复回复回复回复回复','2019-12-24 14:40:55',6),(60,200,0,'回复回复回复回复回复回复回复回复回复回复回复回复回复回复回复回复','2019-12-24 14:41:02',6),(61,200,0,'回复回复回复回复回复回复回复回复回复回复回复回复回复回复回复回复','2019-12-24 14:41:08',6),(62,200,0,'回复回复回复回复回复回复回复回复回复回复回复回复回复回复回复回复','2019-12-24 14:41:15',6),(63,200,0,'回复回复回复回复回复回复回复回复回复回复回复回复回复回复回复回复','2019-12-24 14:41:23',6),(64,200,0,'回复回复回复回复回复回复回复回复回复回复回复回复回复回复回复回复','2019-12-24 14:41:29',6),(65,200,0,'回复回复回复回复回复回复回复回复回复回复回复回复回复回复回复回复','2019-12-24 14:41:38',6),(66,200,0,'回复回复回复回复回复回复回复回复回复回复回复回复回复回复回复回复','2019-12-24 14:41:45',6),(67,200,0,'回复回复回复回复回复回复回复回复回复回复回复回复回复回复回复回复','2019-12-24 14:41:55',6),(68,200,67,'回复回复回复回复回复回复回复回复回复回复回复回复','2019-12-24 14:42:04',6),(69,313,0,'我也好累我也好累我也好累我也好累','2019-12-24 14:42:44',6),(70,313,69,'我也好累我也好累我也好累我也好累','2019-12-24 14:42:53',6),(71,313,0,'我也好累我也好累我也好累我也好累','2019-12-24 14:43:01',6),(72,313,71,'我也好累我也好累我也好累','2019-12-24 14:43:09',6),(73,313,0,'我也好累我也好累我也好累我也好累','2019-12-24 14:43:27',6),(74,313,0,'我也好累我也好累我也好累我也好累','2019-12-24 14:43:40',6),(75,313,0,'我也好累我也好累我也好累我也好累','2019-12-24 14:43:47',6),(76,313,0,'我也好累我也好累我也好累我也好累','2019-12-24 14:43:54',6),(77,313,0,'我也好累我也好累我也好累我也好累','2019-12-24 14:44:02',6),(78,313,77,'我也好累我也好累我也好累我也好累','2019-12-24 14:44:13',6),(79,313,0,'我也好累我也好累我也好累','2019-12-24 14:44:22',6);

/*Table structure for table `lol_son_module` */

DROP TABLE IF EXISTS `lol_son_module`;

CREATE TABLE `lol_son_module` (
  `id` int(10) unsigned NOT NULL AUTO_INCREMENT,
  `father_module_id` int(10) unsigned DEFAULT NULL,
  `module_name` varchar(66) DEFAULT NULL,
  `info` varchar(255) DEFAULT NULL,
  `member_id` int(10) unsigned DEFAULT '0',
  `sort` int(10) unsigned DEFAULT '0',
  PRIMARY KEY (`id`)
) ENGINE=MyISAM AUTO_INCREMENT=31 DEFAULT CHARSET=utf8;

/*Data for the table `lol_son_module` */

insert  into `lol_son_module`(`id`,`father_module_id`,`module_name`,`info`,`member_id`,`sort`) values (7,4,'艾欧尼亚','艾欧尼亚 昂扬不灭',0,0),(8,4,'战争学院','为了荣誉而战！',0,0),(9,8,'投诉','有啥做得不好的欢迎投诉，反正我们也不会改',0,0),(10,8,'申诉','账号被误封？来这里就对啦',0,0),(11,8,'举报','看到坏人了？赶紧来举报他吧！',0,0),(12,8,'公告','常来逛逛，这里有我想告知你的一切',0,0),(13,1,'视频分享','有有趣的、高光的视频？分享出来吧',0,0),(14,1,'游戏互动','与设计师的交流平台',0,0),(15,1,'战绩分享','五杀了？超神了？秀一下你的出装吧！！',0,0),(16,2,'赛事新闻','为你还原最真实的新闻资讯',0,0),(17,2,'战队之家','为你支持的队友加油打气吧！！',0,0),(18,3,'体验服','抢先体验服！为版本助力！',0,0),(19,3,'客户端','又发现了一个bug？报上来！',0,0),(20,5,'精彩时刻','时刻分享精彩',0,0),(21,5,'前沿爆料','走在版本前沿的我们！',0,0),(22,5,'趣味盘点','哪个英雄的控制技能时间最长？？',0,0),(23,5,'版本杂谈','版本ADC现状？？',0,0),(24,6,'英雄','欢迎各大玩家大神开发新打法！！',0,0),(25,6,'符文','一个符文顶三个装备对不对？？',0,0),(26,6,'战术','玩游戏，就是要赢！！',0,0),(27,6,'装备','泽拉斯的无尽之刃呢？',0,0),(28,7,'皮肤创意','魔法少女厄加特是哪个天才想出来的',0,0),(29,7,'英雄创意','你内心的那个英雄做出来了吗？？',0,0),(30,7,'原创漫画','伊泽瑞尔和拉克丝的小本本确定不看吗？？',0,0);

/*!40101 SET SQL_MODE=@OLD_SQL_MODE */;
/*!40014 SET FOREIGN_KEY_CHECKS=@OLD_FOREIGN_KEY_CHECKS */;
/*!40014 SET UNIQUE_CHECKS=@OLD_UNIQUE_CHECKS */;
/*!40111 SET SQL_NOTES=@OLD_SQL_NOTES */;
